,Llama-3.1-8B-Instruct,Qwen2.5-7B-Instruct,gemma-2-9b-it,Mistral-7B-Instruct-v0.3
Llama-3.1-8B-Instruct,1.0,0.9998056888580322,0.9998057126998902,0.9999999642372132
Qwen2.5-7B-Instruct,0.9998056888580322,1.0,1.0000000238418578,0.9982600092887879
gemma-2-9b-it,0.9998057126998902,1.0000000238418578,1.0,0.9982600212097168
Mistral-7B-Instruct-v0.3,0.9999999642372132,0.9982600092887879,0.9982600212097168,1.0
