,Llama-3.1-8B-Instruct,Qwen2.5-7B-Instruct,gemma-2-9b-it,Mistral-7B-Instruct-v0.3
Llama-3.1-8B-Instruct,1.0,0.9998669385910034,0.9998669505119324,1.0000000238418578
Qwen2.5-7B-Instruct,0.9998669385910034,1.0,1.000000035762787,0.9980795025825501
gemma-2-9b-it,0.9998669505119324,1.000000035762787,1.0,0.998079526424408
Mistral-7B-Instruct-v0.3,1.0000000238418578,0.9980795025825501,0.998079526424408,1.0
